{"cameraMode":{"drawMode":0,"name":"Shaded","section":"Shading Mode"},"sceneLighting":false,"audioPlay":false,"sceneViewState":{"showFog":false,"showMaterialUpdate":false,"showSkybox":false,"showFlares":false,"showImageEffects":false,"showParticleSystems":false},"in2DMode":false,"pivot":{"x":-2.595663070678711,"y":10.227301597595215,"z":1.1495161056518555},"rotation":{"x":-0.318121999502182,"y":0.002468024380505085,"z":-0.0011047080624848605,"w":-0.948149561882019},"size":73.37709045410156,"orthographic":false}