{"cameraMode":{"drawMode":0,"name":"Shaded","section":"Shading Mode"},"sceneLighting":false,"audioPlay":false,"sceneViewState":{"showFog":false,"showMaterialUpdate":false,"showSkybox":false,"showFlares":false,"showImageEffects":false,"showParticleSystems":false},"in2DMode":false,"pivot":{"x":1.7683906555175782,"y":10.227301597595215,"z":0.7242460250854492},"rotation":{"x":-0.318121999502182,"y":0.002468024380505085,"z":-0.0011047080624848605,"w":-0.948149561882019},"size":74.79031372070313,"orthographic":false}