{"cameraMode":{"drawMode":0,"name":"Shaded","section":"Shading Mode"},"sceneLighting":true,"audioPlay":false,"sceneViewState":{"showFog":false,"showMaterialUpdate":false,"showSkybox":false,"showFlares":false,"showImageEffects":false,"showParticleSystems":false},"in2DMode":false,"pivot":{"x":26.981891632080079,"y":1.4207615852355958,"z":9.483262062072754},"rotation":{"x":-0.02970622107386589,"y":-0.03329728916287422,"z":0.0007905845995992422,"w":-0.9991441965103149},"size":19.608264923095704,"orthographic":false}