{"cameraMode":{"drawMode":0,"name":"Shaded","section":"Shading Mode"},"sceneLighting":false,"audioPlay":false,"sceneViewState":{"showFog":false,"showMaterialUpdate":false,"showSkybox":false,"showFlares":false,"showImageEffects":false,"showParticleSystems":false},"in2DMode":false,"pivot":{"x":-0.7047333717346191,"y":6.058520317077637,"z":-2.0898828506469728},"rotation":{"x":-0.318121999502182,"y":0.002468024380505085,"z":-0.0011047080624848605,"w":-0.948149561882019},"size":32.659400939941409,"orthographic":false}