{"cameraMode":{"drawMode":0,"name":"Shaded","section":"Shading Mode"},"sceneLighting":false,"audioPlay":false,"sceneViewState":{"showFog":false,"showMaterialUpdate":false,"showSkybox":false,"showFlares":false,"showImageEffects":false,"showParticleSystems":false},"in2DMode":false,"pivot":{"x":-0.4344515800476074,"y":3.8223350048065187,"z":0.27736568450927737},"rotation":{"x":-0.318121999502182,"y":0.002468024380505085,"z":-0.0011047080624848605,"w":-0.948149561882019},"size":33.683834075927737,"orthographic":false}