{"cameraMode":{"drawMode":0,"name":"Shaded","section":"Shading Mode"},"sceneLighting":false,"audioPlay":false,"sceneViewState":{"showFog":false,"showMaterialUpdate":false,"showSkybox":false,"showFlares":false,"showImageEffects":false,"showParticleSystems":false},"in2DMode":false,"pivot":{"x":398.9286804199219,"y":208.83872985839845,"z":-9.9681396484375},"rotation":{"x":-0.03721219301223755,"y":0.0026832360308617355,"z":-0.0003073002153541893,"w":-0.9994434118270874},"size":22.0,"orthographic":false}