{"cameraMode":{"drawMode":0,"name":"Shaded","section":"Shading Mode"},"sceneLighting":false,"audioPlay":false,"sceneViewState":{"showFog":false,"showMaterialUpdate":false,"showSkybox":false,"showFlares":false,"showImageEffects":false,"showParticleSystems":false},"in2DMode":false,"pivot":{"x":-1.2168054580688477,"y":4.721067905426025,"z":-0.7839288711547852},"rotation":{"x":-0.318121999502182,"y":0.002468024380505085,"z":-0.0011047080624848605,"w":-0.948149561882019},"size":33.784751892089847,"orthographic":false}